 ,First Name,Last Name,Sex,Age,Program Code,Year Level
2021-4001,Stephen,Reyes,Male,23,BSBIO-ZOO,4
2023-2002,Angelica,Ramos,Female,21,BSBIO-ZOO,2
2023-2003,Felix,Mendoza,Male,21,BSMATH,2
2022-3001,Jasmine,Santos,Female,22,BSMATH,3
2021-4002,Amado,Flores,Male,23,BSCS,4
2022-3002,Clarisse,Gonzales,Female,22,BSCS,3
2024-1002,Diego,Bautista,Male,20,BSIT,1
2021-4003,Angelica,Villanueva,Female,23,BSIT,4
2022-3004,Samuel,Salazar,Male,22,BSCE,3
2021-4005,Serena,Castro,Female,23,BSCE,4
2021-4006,Christian,Velasco,Male,23,BSECE,4
2022-3006,Daphne,Fernandez,Female,22,BSECE,3
2022-3008,Andres,De Jesus,Male,22,BAPOLSCI,3
2021-4009,Arianna,Peña ,Female,23,BAPOLSCI,4
2024-1005,Patricia,Vergara,Female,20,BSPSY,1
2023-2008,Samuel,Padilla,Male,21,BSPSY,2
2021-4011,Francesca,De Leon,Female,23,BSEDBIO,4
2023-2009,Rafael,Torres,Male,21,BSEDBIO,2
2021-4015,Matthew,Torres,Male,23,BPED,4
2022-3011,Evelyn,Fernandez,Female,22,BPED,3
2021-4016,Jacob,Lopez,Male,23,BSA,4
2023-2011,Madison,Navarro,Female,21,BSA,2
2023-2013,Gabriel,Tamayo,Male,21,BSHM,2
2022-3012,Penelope,De Leon,Female,22,BSHM,3
2023-2014,Aston ,Martin,Male,21,BSN,2
2022-4018,Dianne,Barrientos,Female,23,BSN,3
