 ,First Name,Last Name,Sex,Program Code,Year Level
2021-4001,Stephen,Reyes,Male,BSBIO-ZOO,4
2023-2002,Angelica,Ramos,Female,BSBIO-ZOO,2
2023-2003,Felix,Mendoza,Male,BSMATH,2
2022-3001,Jasmine,Santos,Female,BSMATH,3
2021-4002,Amado,Flores,Male,BSCS,4
2022-3002,Clarisse,Gonzales,Female,BSCS,3
2024-1002,Diego,Bautista,Male,BSIT,1
2021-4003,Angelica,Villanueva,Female,BSIT,4
2022-3004,Samuel,Salazar,Male,BSCE,3
2021-4005,Serena,Castro,Female,BSCE,4
2021-4006,Christian,Velasco,Male,BSECE,4
2022-3006,Daphne,Fernandez,Female,BSECE,3
2022-3008,Andres,De Jesus,Male,BAPOLSCI,3
2021-4009,Arianna,Pe√±a ,Female,BAPOLSCI,4
2024-1005,Patricia,Vergara,Female,BSPSY,1
2023-2008,Samuel,Padilla,Male,BSPSY,2
2021-4011,Francesca,De Leon,Female,BSEDBIO,4
2023-2009,Rafael,Torres,Male,BSEDBIO,2
2021-4015,Matthew,Torres,Male,BPED,4
2022-3011,Evelyn,Fernandez,Female,BPED,3
2021-4016,Jacob,Lopez,Male,BSA,4
2023-2011,Madison,Navarro,Female,BSA,2
2023-2013,Gabriel,Tamayo,Male,BSHM,2
2022-3012,Penelope,De Leon,Female,BSHM,3
2023-2014,Aston ,Martin,Male,BSN,2
2022-4018,Dianne,Barrientos,Female,BSN,3
